<?xml version="1.0"?>

	<!DOCTYPE game SYSTEM "game.dtd">

<game>
	<info name="Minimap" version="1.2"/>

	<loader javaClass="games.strategy.triplea.TripleA"/>

	<triplea minimumVersion="1.5"/>

<map>

	<!-- Territory Definitions -->
<territory name="Blue Capital"/>
<territory name="Blue Middle 1"/>
<territory name="Blue Middle 2"/>
<territory name="Blue N"/>
<territory name="Blue NE"/>
<territory name="Blue S"/>
<territory name="Blue SE"/>
<territory name="Neutral Territory 1"/>
<territory name="Neutral Territory 2"/>
<territory name="Red Capital"/>
<territory name="Red Middle 1"/>
<territory name="Red Middle 2"/>
<territory name="Red N"/>
<territory name="Red NW"/>
<territory name="Red S"/>
<territory name="Red SW"/>
<territory name="SZ Blue 1" water="true"/>
<territory name="SZ Blue 2" water="true"/>
<territory name="SZ Red 1" water="true"/>
<territory name="SZ Red 2" water="true"/>

<!-- Territory Connections -->
<connection t1="Blue Capital" t2="Blue Middle 1"/>
<connection t1="Blue Capital" t2="Blue NE"/>
<connection t1="Blue Capital" t2="Blue SE"/>
<connection t1="Blue Capital" t2="Neutral Territory 2"/>
<connection t1="Blue Capital" t2="SZ Blue 1"/>
<connection t1="Blue Capital" t2="SZ Blue 2"/>
<connection t1="Blue Middle 1" t2="Blue Middle 2"/>
<connection t1="Blue Middle 1" t2="SZ Blue 1"/>
<connection t1="Blue Middle 1" t2="SZ Blue 2"/>
<connection t1="Blue Middle 2" t2="Red Middle 2"/>
<connection t1="Blue Middle 2" t2="SZ Blue 1"/>
<connection t1="Blue Middle 2" t2="SZ Blue 2"/>
<connection t1="Blue N" t2="Blue NE"/>
<connection t1="Blue N" t2="Neutral Territory 2"/>
<connection t1="Blue N" t2="Red N"/>
<connection t1="Blue N" t2="SZ Blue 1"/>
<connection t1="Blue NE" t2="Neutral Territory 2"/>
<connection t1="Blue NE" t2="SZ Blue 1"/>
<connection t1="Blue S" t2="Blue SE"/>
<connection t1="Blue S" t2="Neutral Territory 2"/>
<connection t1="Blue S" t2="Red S"/>
<connection t1="Blue S" t2="SZ Blue 2"/>
<connection t1="Blue SE" t2="Neutral Territory 2"/>
<connection t1="Blue SE" t2="SZ Blue 2"/>
<connection t1="Neutral Territory 1" t2="Neutral Territory 2"/>
<connection t1="Red Capital" t2="Neutral Territory 1"/>
<connection t1="Red Capital" t2="Red Middle 1"/>
<connection t1="Red Capital" t2="Red NW"/>
<connection t1="Red Capital" t2="Red SW"/>
<connection t1="Red Capital" t2="SZ Red 1"/>
<connection t1="Red Capital" t2="SZ Red 2"/>
<connection t1="Red Middle 1" t2="Red Middle 2"/>
<connection t1="Red Middle 1" t2="SZ Red 1"/>
<connection t1="Red Middle 1" t2="SZ Red 2"/>
<connection t1="Red Middle 2" t2="SZ Red 1"/>
<connection t1="Red Middle 2" t2="SZ Red 2"/>
<connection t1="Red N" t2="Neutral Territory 1"/>
<connection t1="Red N" t2="Red NW"/>
<connection t1="Red N" t2="SZ Red 1"/>
<connection t1="Red NW" t2="Neutral Territory 1"/>
<connection t1="Red NW" t2="SZ Red 1"/>
<connection t1="Red S" t2="Neutral Territory 1"/>
<connection t1="Red S" t2="Red SW"/>
<connection t1="Red S" t2="SZ Red 2"/>
<connection t1="Red SW" t2="Neutral Territory 1"/>
<connection t1="Red SW" t2="SZ Red 2"/>
<connection t1="SZ Blue 1" t2="SZ Red 1"/>
<connection t1="SZ Blue 2" t2="SZ Red 2"/>

</map>

<resourceList>

<resource name="PUs"/>

</resourceList>

<playerList>

<!-- In turn order -->

<player name="Red" optional="false"/>

<player name="Blue" optional="false"/>

<!-- Blue Alliances -->

<alliance player="Blue" alliance="Blue"/>

<!-- Red Alliances -->

<alliance player="Red" alliance="Red"/>

</playerList>

<unitList>

<unit name="infantry"/>

<unit name="armour"/>

<unit name="fighter"/>

<unit name="bomber"/>

<unit name="transport"/>

<unit name="cruiser"/>
<unit name="carrier"/>

<unit name="factory"/>

<unit name="aaGun"/>

<unit name="artillery"/>

</unitList>

<gamePlay>

<delegate name="initDelegate" javaClass="games.strategy.triplea.delegate.InitializationDelegate" display="Initializing Delegates"/>

<delegate name="tech" javaClass="games.strategy.triplea.delegate.TechnologyDelegate" display="Research Technology"/>

<delegate name="tech_activation" javaClass="games.strategy.triplea.delegate.TechActivationDelegate" display="Activate Technology"/>

<delegate name="battle" javaClass="games.strategy.triplea.delegate.BattleDelegate" display="Combat"/>

<delegate name="move" javaClass="games.strategy.triplea.delegate.MoveDelegate" display="Combat Move"/>

<delegate name="place" javaClass="games.strategy.triplea.delegate.PlaceDelegate" display="Place Units"/>

<delegate name="purchase" javaClass="games.strategy.triplea.delegate.PurchaseDelegate" display="Purchase Units"/>

<delegate name="endTurn" javaClass="games.strategy.triplea.delegate.EndTurnDelegate" display="Turn Complete"/>

<delegate name="endRound" javaClass="games.strategy.triplea.delegate.EndRoundDelegate" display="Round Complete"/>

<delegate name="placeBid" javaClass="games.strategy.triplea.delegate.BidPlaceDelegate" display="Bid Placement"/>

<delegate name="bid" javaClass="games.strategy.triplea.delegate.BidPurchaseDelegate" display="Bid Purchase"/>

<sequence>

<step name="gameInitDelegate" delegate="initDelegate" maxRunCount="1"/>

<!-- Bidding Phase -->

<step name="redBid" delegate="bid" player="Red" maxRunCount="1"/>

<step name="redBidPlace" delegate="placeBid" player="Red" maxRunCount="1"/>

<step name="blueBid" delegate="bid" player="Blue" maxRunCount="1"/>

<step name="blueBidPlace" delegate="placeBid" player="Blue" maxRunCount="1"/>

<!-- Red Game Sequence -->

<step name="redPurchase" delegate="purchase" player="Red"/>

<step name="redCombatMove" delegate="move" player="Red"/>

<step name="redBattle" delegate="battle" player="Red"/>

<step name="redNonCombatMove" delegate="move" player="Red" display="Non Combat Move"/>

<step name="redPlace" delegate="place" player="Red"/>

<step name="redEndTurn" delegate="endTurn" player="Red"/>

<!-- Blue Game Sequence -->

<step name="bluePurchase" delegate="purchase" player="Blue"/>

<step name="blueCombatMove" delegate="move" player="Blue"/>

<step name="blueBattle" delegate="battle" player="Blue"/>

<step name="blueNonCombatMove" delegate="move" player="Blue" display="Non Combat Move"/>

<step name="bluePlace" delegate="place" player="Blue"/>

<step name="blueEndTurn" delegate="endTurn" player="Blue"/>

<step name="endRoundStep" delegate="endRound"/>

</sequence>

</gamePlay>

<production>

<!-- Unit Production Cost -->

<productionRule name="buyInfantry">

<cost resource="PUs" quantity="3"/>

<result resourceOrUnit="infantry" quantity="1"/>

</productionRule>

<productionRule name="buyArtillery">

<cost resource="PUs" quantity="4"/>

<result resourceOrUnit="artillery" quantity="1"/>

</productionRule>

<productionRule name="buyArmour">

<cost resource="PUs" quantity="5"/>

<result resourceOrUnit="armour" quantity="1"/>

</productionRule>

<productionRule name="buyFighter">

<cost resource="PUs" quantity="10"/>

<result resourceOrUnit="fighter" quantity="1"/>

</productionRule>

<productionRule name="buyBomber">

<cost resource="PUs" quantity="15"/>

<result resourceOrUnit="bomber" quantity="1"/>

</productionRule>

<productionRule name="buyTransport">

<cost resource="PUs" quantity="8"/>

<result resourceOrUnit="transport" quantity="1"/>

</productionRule>
<productionRule name="buyCruiser">

<cost resource="PUs" quantity="12"/>

<result resourceOrUnit="cruiser" quantity="1"/>

</productionRule>
<productionRule name="buyCarrier">

<cost resource="PUs" quantity="16"/>

<result resourceOrUnit="carrier" quantity="1"/>

</productionRule>
<productionRule name="buyFactory">

<cost resource="PUs" quantity="15"/>

<result resourceOrUnit="factory" quantity="1"/>

</productionRule>

<productionRule name="buyAAGun">

<cost resource="PUs" quantity="5"/>

<result resourceOrUnit="aaGun" quantity="1"/>

</productionRule>



<productionFrontier name="production">

<frontierRules name="buyInfantry"/>

<frontierRules name="buyArtillery"/>

<frontierRules name="buyArmour"/>

<frontierRules name="buyFighter"/>

<frontierRules name="buyBomber"/>

<frontierRules name="buyAAGun"/>

<frontierRules name="buyTransport"/>

<frontierRules name="buyCruiser"/>

<frontierRules name="buyCarrier"/>


</productionFrontier>


<playerProduction player="Blue" frontier="production"/>

<playerProduction player="Red" frontier="production"/>

</production>

<attatchmentList>

<attatchment name="unitAttatchment" attatchTo="infantry" javaClass="games.strategy.triplea.attatchments.UnitAttachment" type="unitType">

<option name="movement" value="1"/>

<option name="transportCost" value="2"/>

<option name="attack" value="1"/>

<option name="defense" value="2"/>

<option name="artillerySupportable" value="true"/>

<option name="isInfantry" value="true"/>

</attatchment>

<attatchment name="unitAttatchment" attatchTo="artillery" javaClass="games.strategy.triplea.attatchments.UnitAttachment" type="unitType">

<option name="movement" value="1"/>

<option name="transportCost" value="3"/>

<option name="attack" value="2"/>

<option name="defense" value="2"/>

<option name="artillery" value="true"/>

</attatchment>

<attatchment name="unitAttatchment" attatchTo="armour" javaClass="games.strategy.triplea.attatchments.UnitAttachment" type="unitType">

<option name="movement" value="2"/>

<option name="transportCost" value="3"/>

<option name="canBlitz" value="true"/>

<option name="attack" value="3"/>

<option name="defense" value="3"/>

</attatchment>

<attatchment name="unitAttatchment" attatchTo="fighter" javaClass="games.strategy.triplea.attatchments.UnitAttachment" type="unitType">

<option name="movement" value="4"/>

<option name="carrierCost" value="1"/>

<option name="isAir" value="true"/>

<option name="attack" value="3"/>

<option name="defense" value="4"/>

</attatchment>

<attatchment name="unitAttatchment" attatchTo="bomber" javaClass="games.strategy.triplea.attatchments.UnitAttachment" type="unitType">

<option name="movement" value="6"/>

<option name="isAir" value="true"/>

<option name="attack" value="4"/>

<option name="defense" value="1"/>

<option name="isStrategicBomber" value="true"/>

</attatchment>

<attatchment name="unitAttatchment" attatchTo="transport" javaClass="games.strategy.triplea.attatchments.UnitAttachment" type="unitType">

<option name="movement" value="2"/>

<option name="isSea" value="true"/>

<option name="transportCapacity" value="5"/>

<option name="attack" value="0"/>

<option name="defense" value="0"/>

</attatchment>

<attatchment name="unitAttatchment" attatchTo="carrier" javaClass="games.strategy.triplea.attatchments.UnitAttachment" type="unitType">

<option name="carrierCapacity" value="2"/>

<option name="movement" value="2"/>

<option name="isSea" value="true"/>

<option name="attack" value="1"/>

<option name="defense" value="3"/>

</attatchment>

<attatchment name="unitAttatchment" attatchTo="cruiser" javaClass="games.strategy.triplea.attatchments.UnitAttachment" type="unitType">


<option name="movement" value="2"/>

<option name="isSea" value="true"/>

<option name="attack" value="2"/>

<option name="defense" value="2"/>

</attatchment>

<attatchment name="unitAttatchment" attatchTo="factory" javaClass="games.strategy.triplea.attatchments.UnitAttachment" type="unitType">

<option name="isFactory" value="true"/>

</attatchment>

<attatchment name="unitAttatchment" attatchTo="aaGun" javaClass="games.strategy.triplea.attatchments.UnitAttachment" type="unitType">

<option name="isAA" value="true"/>

<option name="transportCost" value="3"/>

<option name="movement" value="1"/>

</attatchment>

<attatchment name="territoryAttatchment" attatchTo="Neutral Territory 1" javaClass="games.strategy.triplea.attatchments.TerritoryAttachment" type="territory">

<option name="production" value="0"/>

<option name="isImpassible" value="true"/>

</attatchment>

<attatchment name="territoryAttatchment" attatchTo="Neutral Territory 2" javaClass="games.strategy.triplea.attatchments.TerritoryAttachment" type="territory">

<option name="production" value="0"/>

<option name="isImpassible" value="true"/>

</attatchment>

<attatchment name="territoryAttatchment" attatchTo="Red Capital" javaClass="games.strategy.triplea.attatchments.TerritoryAttachment" type="territory">

<option name="production" value="10"/>

<option name="capital" value="Red"/>

<option name="victoryCity" value="true"/>

</attatchment>

<attatchment name="territoryAttatchment" attatchTo="Blue Capital" javaClass="games.strategy.triplea.attatchments.TerritoryAttachment" type="territory">

<option name="production" value="10"/>

<option name="capital" value="Blue"/>

<option name="victoryCity" value="true"/>

</attatchment>

<attatchment name="territoryAttatchment" attatchTo="Blue NE" javaClass="games.strategy.triplea.attatchments.TerritoryAttachment" type="territory">

<option name="production" value="5"/>

</attatchment>

<attatchment name="territoryAttatchment" attatchTo="Blue N" javaClass="games.strategy.triplea.attatchments.TerritoryAttachment" type="territory">

<option name="production" value="2"/>

</attatchment>

<attatchment name="territoryAttatchment" attatchTo="Blue Middle 1" javaClass="games.strategy.triplea.attatchments.TerritoryAttachment" type="territory">

<option name="production" value="5"/>

</attatchment>

<attatchment name="territoryAttatchment" attatchTo="Blue Middle 2" javaClass="games.strategy.triplea.attatchments.TerritoryAttachment" type="territory">

<option name="production" value="2"/>

</attatchment>

<attatchment name="territoryAttatchment" attatchTo="Blue SE" javaClass="games.strategy.triplea.attatchments.TerritoryAttachment" type="territory">

<option name="production" value="5"/>

</attatchment>

<attatchment name="territoryAttatchment" attatchTo="Blue S" javaClass="games.strategy.triplea.attatchments.TerritoryAttachment" type="territory">

<option name="production" value="2"/>

</attatchment>

<attatchment name="territoryAttatchment" attatchTo="Red NW" javaClass="games.strategy.triplea.attatchments.TerritoryAttachment" type="territory">

<option name="production" value="5"/>

</attatchment>

<attatchment name="territoryAttatchment" attatchTo="Red N" javaClass="games.strategy.triplea.attatchments.TerritoryAttachment" type="territory">

<option name="production" value="2"/>

</attatchment>

<attatchment name="territoryAttatchment" attatchTo="Red Middle 1" javaClass="games.strategy.triplea.attatchments.TerritoryAttachment" type="territory">

<option name="production" value="5"/>

</attatchment>

<attatchment name="territoryAttatchment" attatchTo="Red Middle 2" javaClass="games.strategy.triplea.attatchments.TerritoryAttachment" type="territory">

<option name="production" value="2"/>

</attatchment>

<attatchment name="territoryAttatchment" attatchTo="Red SW" javaClass="games.strategy.triplea.attatchments.TerritoryAttachment" type="territory">

<option name="production" value="5"/>

</attatchment>

<attatchment name="territoryAttatchment" attatchTo="Red S" javaClass="games.strategy.triplea.attatchments.TerritoryAttachment" type="territory">

<option name="production" value="2"/>

</attatchment>

</attatchmentList>

<initialize>

<ownerInitialize>

<!-- Blue Owned Territories -->

<territoryOwner territory="Blue Capital" owner="Blue"/>

<territoryOwner territory="Blue N" owner="Blue"/>

<territoryOwner territory="Blue NE" owner="Blue"/>

<territoryOwner territory="Blue Middle 1" owner="Blue"/>

<territoryOwner territory="Blue Middle 2" owner="Blue"/>

<territoryOwner territory="Blue S" owner="Blue"/>

<territoryOwner territory="Blue SE" owner="Blue"/>

<!-- Red Owned Territories -->

<territoryOwner territory="Red Capital" owner="Red"/>

<territoryOwner territory="Red N" owner="Red"/>

<territoryOwner territory="Red NW" owner="Red"/>

<territoryOwner territory="Red Middle 1" owner="Red"/>

<territoryOwner territory="Red Middle 2" owner="Red"/>

<territoryOwner territory="Red S" owner="Red"/>

<territoryOwner territory="Red SW" owner="Red"/>

</ownerInitialize>

<unitInitialize>


<!-- Red Unit Placements -->

<unitPlacement unitType="factory" territory="Red Capital" quantity="1" owner="Red"/>

<unitPlacement unitType="infantry" territory="Red Capital" quantity="7" owner="Red"/>

<unitPlacement unitType="artillery" territory="Red Capital" quantity="3" owner="Red"/>

<unitPlacement unitType="armour" territory="Red Capital" quantity="3" owner="Red"/>

<unitPlacement unitType="fighter" territory="Red Capital" quantity="2" owner="Red"/>

<unitPlacement unitType="bomber" territory="Red Capital" quantity="1" owner="Red"/>

<unitPlacement unitType="aaGun" territory="Red Capital" quantity="1" owner="Red"/>

<unitPlacement unitType="infantry" territory="Red N" quantity="2" owner="Red"/>

<unitPlacement unitType="infantry" territory="Red Middle 2" quantity="2" owner="Red"/>

<unitPlacement unitType="infantry" territory="Red S" quantity="2" owner="Red"/>

<unitPlacement unitType="infantry" territory="Red NW" quantity="2" owner="Red"/>

<unitPlacement unitType="artillery" territory="Red NW" quantity="1" owner="Red"/>

<unitPlacement unitType="infantry" territory="Red Middle 1" quantity="2" owner="Red"/>

<unitPlacement unitType="artillery" territory="Red Middle 1" quantity="1" owner="Red"/>

<unitPlacement unitType="infantry" territory="Red SW" quantity="2" owner="Red"/>

<unitPlacement unitType="artillery" territory="Red SW" quantity="1" owner="Red"/>

<unitPlacement unitType="transport" territory="SZ Red 1" quantity="1" owner="Red"/>

<unitPlacement unitType="transport" territory="SZ Red 2" quantity="1" owner="Red"/>

<unitPlacement unitType="cruiser" territory="SZ Red 1" quantity="1" owner="Red"/>

<unitPlacement unitType="cruiser" territory="SZ Red 2" quantity="1" owner="Red"/>


<!-- Blue Unit Placements -->

<unitPlacement unitType="factory" territory="Blue Capital" quantity="1" owner="Blue"/>

<unitPlacement unitType="infantry" territory="Blue Capital" quantity="7" owner="Blue"/>

<unitPlacement unitType="artillery" territory="Blue Capital" quantity="3" owner="Blue"/>

<unitPlacement unitType="armour" territory="Blue Capital" quantity="3" owner="Blue"/>

<unitPlacement unitType="fighter" territory="Blue Capital" quantity="2" owner="Blue"/>

<unitPlacement unitType="bomber" territory="Blue Capital" quantity="1" owner="Blue"/>

<unitPlacement unitType="aaGun" territory="Blue Capital" quantity="1" owner="Blue"/>

<unitPlacement unitType="infantry" territory="Blue N" quantity="2" owner="Blue"/>

<unitPlacement unitType="infantry" territory="Blue Middle 2" quantity="2" owner="Blue"/>

<unitPlacement unitType="infantry" territory="Blue S" quantity="2" owner="Blue"/>

<unitPlacement unitType="infantry" territory="Blue NE" quantity="2" owner="Blue"/>

<unitPlacement unitType="artillery" territory="Blue NE" quantity="1" owner="Blue"/>

<unitPlacement unitType="infantry" territory="Blue Middle 1" quantity="2" owner="Blue"/>

<unitPlacement unitType="artillery" territory="Blue Middle 1" quantity="1" owner="Blue"/>

<unitPlacement unitType="infantry" territory="Blue SE" quantity="2" owner="Blue"/>

<unitPlacement unitType="artillery" territory="Blue SE" quantity="1" owner="Blue"/>

<unitPlacement unitType="transport" territory="SZ Blue 1" quantity="1" owner="Blue"/>

<unitPlacement unitType="transport" territory="SZ Blue 2" quantity="1" owner="Blue"/>

<unitPlacement unitType="cruiser" territory="SZ Blue 1" quantity="1" owner="Blue"/>

<unitPlacement unitType="cruiser" territory="SZ Blue 2" quantity="1" owner="Blue"/>


</unitInitialize>

<resourceInitialize>

<resourceGiven player="Red" resource="PUs" quantity="24"/>

<resourceGiven player="Blue" resource="PUs" quantity="44"/>

</resourceInitialize>

</initialize>

<propertyList>

<!-- Bids -->

<property name="Red bid" value="0" editable="true">

<number min="0" max="1000"/>

</property>

<property name="Blue bid" value="0" editable="true">

<number min="0" max="1000"/>

</property>

<property name="Total Victory" value="true" editable="true">

<boolean/>

</property>

<property name="Red Total Victory VCs" value="2" editable="false">

<number min="2" max="2"/>

</property>

<property name="Blue Total Victory VCs" value="2" editable="false">

<number min="2" max="2"/>

</property>

<!-- Low Luck -->

<property name="Low Luck" value="false" editable="true">

<boolean/>

</property>

<property name="Low Luck for AntiAircraft" value="false" editable="true">

<boolean/>

</property>

<property name="Low Luck for Technology" value="false" editable="false">

<boolean/>

</property>

<property name="Low Luck for Bombing and Territory Damage" value="false" editable="true">

<boolean/>

</property>

<property name="Heavy Bomber Dice Rolls" value="2" editable="false">

<number min="2" max="10"/>

</property>

<property name="Always on AA" value="true" editable="true">

<boolean/>

</property>

<property name="Territory Turn Limit" value="true" editable="true">

<boolean/>

</property>

<property name="Tech Development" value="false" editable="false">

<boolean/>

</property>

<!-- Use WW2V2 Rules -->

<property name="WW2V2" value="true" editable="false">

<boolean/>

</property>

<property name="Allied Air Dependents" value="true" editable="false">

<boolean/>

</property>

<property name="neutralCharge" value="9999999"/>

<property name="maxFactoriesPerTerritory" value="1"/>

<!-- Map Name: also used for map utils when asked -->

<property name="mapName" value="minimap" editable="false"/>

<property name="notes">

<value>
<![CDATA[   
		        	   	
		        	A simple two player game.
	        	]]>
</value>

</property>

</propertyList>

</game>
